1. (RB1),,,#REF!,#VALUE!,1
"Christian McCaffrey, SF",,,1,Christian McCaffrey,2
$57 ,,,#VALUE!,#VALUE!,3
9,,,#VALUE!,#VALUE!,4
81. (WR38),,,#VALUE!,#VALUE!,5
"Jayden Reed, GB",,,81,Jayden Reed,6
$4 ,,,#VALUE!,#VALUE!,7
10,,,#VALUE!,#VALUE!,8
161. (WR70),,,#VALUE!,#VALUE!,9
"Kendrick Bourne, NE",,,161,Kendrick Bourne,10
$0 ,,,#VALUE!,#VALUE!,11
14,,,#VALUE!,#VALUE!,12
241. (RB70),,,#VALUE!,#VALUE!,13
"Samaje Perine, DEN",,,241,Samaje Perine,14
$0 ,,,#VALUE!,#VALUE!,15
14,,,#VALUE!,#VALUE!,16
2. (RB2),,,#VALUE!,#VALUE!,17
"Bijan Robinson, ATL",,,2,Bijan Robinson,18
$56 ,,,#VALUE!,#VALUE!,19
12,,,#VALUE!,#VALUE!,20
82. (WR39),,,#VALUE!,#VALUE!,21
"Courtland Sutton, DEN",,,82,Courtland Sutton,22
$4 ,,,#VALUE!,#VALUE!,23
14,,,#VALUE!,#VALUE!,24
162. (WR71),,,#VALUE!,#VALUE!,25
"Josh Downs, IND",,,162,Josh Downs,26
$0 ,,,#VALUE!,#VALUE!,27
14,,,#VALUE!,#VALUE!,28
242. (RB71),,,#VALUE!,#VALUE!,29
"Chase Edmonds, TB",,,242,Chase Edmonds,30
$0 ,,,#VALUE!,#VALUE!,31
11,,,#VALUE!,#VALUE!,32
3. (RB3),,,#VALUE!,#VALUE!,33
"Breece Hall, NYJ",,,3,Breece Hall,34
$55 ,,,#VALUE!,#VALUE!,35
12,,,#VALUE!,#VALUE!,36
83. (WR40),,,#VALUE!,#VALUE!,37
"Xavier Worthy, KC",,,83,Xavier Worthy,38
$4 ,,,#VALUE!,#VALUE!,39
6,,,#VALUE!,#VALUE!,40
163. (QB19),,,#VALUE!,#VALUE!,41
"Tua Tagovailoa, MIA",,,163,Tua Tagovailoa,42
$0 ,,,#VALUE!,#VALUE!,43
6,,,#VALUE!,#VALUE!,44
243. (RB72),,,#VALUE!,#VALUE!,45
"Roschon Johnson, CHI",,,243,Roschon Johnson,46
$0 ,,,#VALUE!,#VALUE!,47
7,,,#VALUE!,#VALUE!,48
4. (WR1),,,#VALUE!,#VALUE!,49
"CeeDee Lamb, DAL",,,4,CeeDee Lamb,50
$55 ,,,#VALUE!,#VALUE!,51
7,,,#VALUE!,#VALUE!,52
84. (WR41),,,#VALUE!,#VALUE!,53
"Jaxon Smith-Njigba, SEA",,,84,Jaxon Smith-Njigba,54
$4 ,,,#VALUE!,#VALUE!,55
10,,,#VALUE!,#VALUE!,56
164. (QB20),,,#VALUE!,#VALUE!,57
"Jared Goff, DET",,,164,Jared Goff,58
$0 ,,,#VALUE!,#VALUE!,59
5,,,#VALUE!,#VALUE!,60
244. (RB73),,,#VALUE!,#VALUE!,61
"Eric Gray, NYG",,,244,Eric Gray,62
$0 ,,,#VALUE!,#VALUE!,63
11,,,#VALUE!,#VALUE!,64
5. (WR2),,,#VALUE!,#VALUE!,65
"Tyreek Hill, MIA",,,5,Tyreek Hill,66
$54 ,,,#VALUE!,#VALUE!,67
6,,,#VALUE!,#VALUE!,68
85. (WR42),,,#VALUE!,#VALUE!,69
"Jordan Addison, MIN",,,85,Jordan Addison,70
$4 ,,,#VALUE!,#VALUE!,71
6,,,#VALUE!,#VALUE!,72
165. (TE17),,,#VALUE!,#VALUE!,73
"Tyler Conklin, NYJ",,,165,Tyler Conklin,74
$0 ,,,#VALUE!,#VALUE!,75
12,,,#VALUE!,#VALUE!,76
245. (RB74),,,#VALUE!,#VALUE!,77
"Isaiah Davis, NYJ",,,245,Isaiah Davis,78
$0 ,,,#VALUE!,#VALUE!,79
12,,,#VALUE!,#VALUE!,80
6. (WR3),,,#VALUE!,#VALUE!,81
"Ja'Marr Chase, CIN",,,6,Ja'Marr Chase,82
$53 ,,,#VALUE!,#VALUE!,83
12,,,#VALUE!,#VALUE!,84
86. (WR43),,,#VALUE!,#VALUE!,85
"Rome Odunze, CHI",,,86,Rome Odunze,86
$4 ,,,#VALUE!,#VALUE!,87
7,,,#VALUE!,#VALUE!,88
166. (TE18),,,#VALUE!,#VALUE!,89
"Chigoziem Okonkwo, TEN",,,166,Chigoziem Okonkwo,90
$0 ,,,#VALUE!,#VALUE!,91
5,,,#VALUE!,#VALUE!,92
246. (RB75),,,#VALUE!,#VALUE!,93
"Nyheim Hines, CLE",,,246,Nyheim Hines,94
$0 ,,,#VALUE!,#VALUE!,95
10,,,#VALUE!,#VALUE!,96
7. (WR4),,,#VALUE!,#VALUE!,97
"Amon-Ra St. Brown, DET",,,7,Amon-Ra St. Brown,98
$53 ,,,#VALUE!,#VALUE!,99
5,,,#VALUE!,#VALUE!,100
87. (RB28),,,#VALUE!,#VALUE!,101
"Devin Singletary, NYG",,,87,Devin Singletary,102
$3 ,,,#VALUE!,#VALUE!,103
11,,,#VALUE!,#VALUE!,104
167. (TE19),,,#VALUE!,#VALUE!,105
"Hunter Henry, NE",,,167,Hunter Henry,106
$0 ,,,#VALUE!,#VALUE!,107
14,,,#VALUE!,#VALUE!,108
247. (RB76),,,#VALUE!,#VALUE!,109
"Michael Carter, ARI",,,247,Michael Carter,110
$0 ,,,#VALUE!,#VALUE!,111
11,,,#VALUE!,#VALUE!,112
8. (WR5),,,#VALUE!,#VALUE!,113
"Justin Jefferson, MIN",,,8,Justin Jefferson,114
$52 ,,,#VALUE!,#VALUE!,115
6,,,#VALUE!,#VALUE!,116
88. (RB29),,,#VALUE!,#VALUE!,117
"Raheem Mostert, MIA",,,88,Raheem Mostert,118
$3 ,,,#VALUE!,#VALUE!,119
6,,,#VALUE!,#VALUE!,120
168. (TE20),,,#VALUE!,#VALUE!,121
"Cole Kmet, CHI",,,168,Cole Kmet,122
$0 ,,,#VALUE!,#VALUE!,123
7,,,#VALUE!,#VALUE!,124
248. (RB77),,,#VALUE!,#VALUE!,125
"Trey Sermon, IND",,,248,Trey Sermon,126
$0 ,,,#VALUE!,#VALUE!,127
14,,,#VALUE!,#VALUE!,128
9. (RB4),,,#VALUE!,#VALUE!,129
"Jonathan Taylor, IND",,,9,Jonathan Taylor,130
$51 ,,,#VALUE!,#VALUE!,131
14,,,#VALUE!,#VALUE!,132
89. (RB30),,,#VALUE!,#VALUE!,133
"Jaylen Warren, PIT",,,89,Jaylen Warren,134
$3 ,,,#VALUE!,#VALUE!,135
9,,,#VALUE!,#VALUE!,136
169. (DST1),,,#VALUE!,#VALUE!,137
"Browns D/ST, CLE",,,169,Browns D/ST,138
$0 ,,,#VALUE!,#VALUE!,139
10,,,#VALUE!,#VALUE!,140
249. (RB78),,,#VALUE!,#VALUE!,141
"Royce Freeman, DAL",,,249,Royce Freeman,142
$0 ,,,#VALUE!,#VALUE!,143
7,,,#VALUE!,#VALUE!,144
10. (RB5),,,#VALUE!,#VALUE!,145
"Saquon Barkley, PHI",,,10,Saquon Barkley,146
$50 ,,,#VALUE!,#VALUE!,147
5,,,#VALUE!,#VALUE!,148
90. (RB31),,,#VALUE!,#VALUE!,149
"Tyjae Spears, TEN",,,90,Tyjae Spears,150
$3 ,,,#VALUE!,#VALUE!,151
5,,,#VALUE!,#VALUE!,152
170. (DST2),,,#VALUE!,#VALUE!,153
"Cowboys D/ST, DAL",,,170,Cowboys D/ST,154
$0 ,,,#VALUE!,#VALUE!,155
7,,,#VALUE!,#VALUE!,156
250. (RB79),,,#VALUE!,#VALUE!,157
"D'Ernest Johnson, JAC",,,250,D'Ernest Johnson,158
$0 ,,,#VALUE!,#VALUE!,159
12,,,#VALUE!,#VALUE!,160
11. (WR6),,,#VALUE!,#VALUE!,161
"A.J. Brown, PHI",,,11,A.J. Brown,162
$48 ,,,#VALUE!,#VALUE!,163
5,,,#VALUE!,#VALUE!,164
91. (QB9),,,#VALUE!,#VALUE!,165
"Kyler Murray, ARI",,,91,Kyler Murray,166
$3 ,,,#VALUE!,#VALUE!,167
11,,,#VALUE!,#VALUE!,168
171. (DST3),,,#VALUE!,#VALUE!,169
"Jets D/ST, NYJ",,,171,Jets D/ST,170
$0 ,,,#VALUE!,#VALUE!,171
12,,,#VALUE!,#VALUE!,172
251. (RB80),,,#VALUE!,#VALUE!,173
"Trayveon Williams, CIN",,,251,Trayveon Williams,174
$0 ,,,#VALUE!,#VALUE!,175
12,,,#VALUE!,#VALUE!,176
12. (WR7),,,#VALUE!,#VALUE!,177
"Puka Nacua, LAR",,,12,Puka Nacua,178
$46 ,,,#VALUE!,#VALUE!,179
6,,,#VALUE!,#VALUE!,180
92. (QB10),,,#VALUE!,#VALUE!,181
"Jordan Love, GB",,,92,Jordan Love,182
$3 ,,,#VALUE!,#VALUE!,183
10,,,#VALUE!,#VALUE!,184
172. (DST4),,,#VALUE!,#VALUE!,185
"Ravens D/ST, BAL",,,172,Ravens D/ST,186
$0 ,,,#VALUE!,#VALUE!,187
14,,,#VALUE!,#VALUE!,188
252. (WR91),,,#VALUE!,#VALUE!,189
"Trey Palmer, TB",,,252,Trey Palmer,190
$0 ,,,#VALUE!,#VALUE!,191
11,,,#VALUE!,#VALUE!,192
13. (WR8),,,#VALUE!,#VALUE!,193
"Garrett Wilson, NYJ",,,13,Garrett Wilson,194
$45 ,,,#VALUE!,#VALUE!,195
12,,,#VALUE!,#VALUE!,196
93. (QB11),,,#VALUE!,#VALUE!,197
"Brock Purdy, SF",,,93,Brock Purdy,198
$3 ,,,#VALUE!,#VALUE!,199
9,,,#VALUE!,#VALUE!,200
173. (DST5),,,#VALUE!,#VALUE!,201
"49ers D/ST, SF",,,173,49ers D/ST,202
$0 ,,,#VALUE!,#VALUE!,203
9,,,#VALUE!,#VALUE!,204
253. (WR92),,,#VALUE!,#VALUE!,205
"Josh Reynolds, DEN",,,253,Josh Reynolds,206
$0 ,,,#VALUE!,#VALUE!,207
14,,,#VALUE!,#VALUE!,208
14. (RB6),,,#VALUE!,#VALUE!,209
"Kyren Williams, LAR",,,14,Kyren Williams,210
$43 ,,,#VALUE!,#VALUE!,211
6,,,#VALUE!,#VALUE!,212
94. (WR44),,,#VALUE!,#VALUE!,213
"Keon Coleman, BUF",,,94,Keon Coleman,214
$3 ,,,#VALUE!,#VALUE!,215
12,,,#VALUE!,#VALUE!,216
174. (DST6),,,#VALUE!,#VALUE!,217
"Steelers D/ST, PIT",,,174,Steelers D/ST,218
$0 ,,,#VALUE!,#VALUE!,219
9,,,#VALUE!,#VALUE!,220
254. (DST15),,,#VALUE!,#VALUE!,221
"Seahawks D/ST, SEA",,,254,Seahawks D/ST,222
$0 ,,,#VALUE!,#VALUE!,223
10,,,#VALUE!,#VALUE!,224
15. (RB7),,,#VALUE!,#VALUE!,225
"Jahmyr Gibbs, DET",,,15,Jahmyr Gibbs,226
$42 ,,,#VALUE!,#VALUE!,227
5,,,#VALUE!,#VALUE!,228
95. (WR45),,,#VALUE!,#VALUE!,229
"Ladd McConkey, LAC",,,95,Ladd McConkey,230
$3 ,,,#VALUE!,#VALUE!,231
5,,,#VALUE!,#VALUE!,232
175. (DST7),,,#VALUE!,#VALUE!,233
"Dolphins D/ST, MIA",,,175,Dolphins D/ST,234
$0 ,,,#VALUE!,#VALUE!,235
6,,,#VALUE!,#VALUE!,236
255. (DST16),,,#VALUE!,#VALUE!,237
"Colts D/ST, IND",,,255,Colts D/ST,238
$0 ,,,#VALUE!,#VALUE!,239
14,,,#VALUE!,#VALUE!,240
16. (RB8),,,#VALUE!,#VALUE!,241
"Travis Etienne Jr., JAC",,,16,Travis Etienne Jr.,242
$40 ,,,#VALUE!,#VALUE!,243
12,,,#VALUE!,#VALUE!,244
96. (WR46),,,#VALUE!,#VALUE!,245
"Mike Williams, NYJ",,,96,Mike Williams,246
$2 ,,,#VALUE!,#VALUE!,247
12,,,#VALUE!,#VALUE!,248
176. (DST8),,,#VALUE!,#VALUE!,249
"Saints D/ST, NO",,,176,Saints D/ST,250
$0 ,,,#VALUE!,#VALUE!,251
12,,,#VALUE!,#VALUE!,252
256. (K15),,,#VALUE!,#VALUE!,253
"Eddy Pineiro, CAR",,,256,Eddy Pineiro,254
$0 ,,,#VALUE!,#VALUE!,255
11,,,#VALUE!,#VALUE!,256
17. (RB9),,,#VALUE!,#VALUE!,257
"Isiah Pacheco, KC",,,17,Isiah Pacheco,258
$38 ,,,#VALUE!,#VALUE!,259
6,,,#VALUE!,#VALUE!,260
97. (WR47),,,#VALUE!,#VALUE!,261
"Brian Thomas Jr., JAC",,,97,Brian Thomas Jr.,262
$2 ,,,#VALUE!,#VALUE!,263
12,,,#VALUE!,#VALUE!,264
177. (DST9),,,#VALUE!,#VALUE!,265
"Jaguars D/ST, JAC",,,177,Jaguars D/ST,266
$0 ,,,#VALUE!,#VALUE!,267
12,,,#VALUE!,#VALUE!,268
257. (K16),,,#VALUE!,#VALUE!,269
"Chase McLaughlin, TB",,,257,Chase McLaughlin,270
$0 ,,,#VALUE!,#VALUE!,271
11,,,#VALUE!,#VALUE!,272
18. (WR9),,,#VALUE!,#VALUE!,273
"Chris Olave, NO",,,18,Chris Olave,274
$37 ,,,#VALUE!,#VALUE!,275
12,,,#VALUE!,#VALUE!,276
98. (WR48),,,#VALUE!,#VALUE!,277
"Jakobi Meyers, LV",,,98,Jakobi Meyers,278
$2 ,,,#VALUE!,#VALUE!,279
10,,,#VALUE!,#VALUE!,280
178. (DST10),,,#VALUE!,#VALUE!,281
"Bengals D/ST, CIN",,,178,Bengals D/ST,282
$0 ,,,#VALUE!,#VALUE!,283
12,,,#VALUE!,#VALUE!,284
258. (TE27),,,#VALUE!,#VALUE!,285
"Isaiah Likely, BAL",,,258,Isaiah Likely,286
$0 ,,,#VALUE!,#VALUE!,287
14,,,#VALUE!,#VALUE!,288
19. (WR10),,,#VALUE!,#VALUE!,289
"Deebo Samuel Sr., SF",,,19,Deebo Samuel Sr.,290
$36 ,,,#VALUE!,#VALUE!,291
9,,,#VALUE!,#VALUE!,292
99. (QB12),,,#VALUE!,#VALUE!,293
"Jayden Daniels, WAS",,,99,Jayden Daniels,294
$2 ,,,#VALUE!,#VALUE!,295
14,,,#VALUE!,#VALUE!,296
179. (DST11),,,#VALUE!,#VALUE!,297
"Chiefs D/ST, KC",,,179,Chiefs D/ST,298
$0 ,,,#VALUE!,#VALUE!,299
6,,,#VALUE!,#VALUE!,300
259. (TE28),,,#VALUE!,#VALUE!,301
"Dawson Knox, BUF",,,259,Dawson Knox,302
$0 ,,,#VALUE!,#VALUE!,303
12,,,#VALUE!,#VALUE!,304
20. (WR11),,,#VALUE!,#VALUE!,305
"Mike Evans, TB",,,20,Mike Evans,306
$35 ,,,#VALUE!,#VALUE!,307
11,,,#VALUE!,#VALUE!,308
100. (TE9),,,#VALUE!,#VALUE!,309
"Dalton Kincaid, BUF",,,100,Dalton Kincaid,310
$2 ,,,#VALUE!,#VALUE!,311
12,,,#VALUE!,#VALUE!,312
180. (DST12),,,#VALUE!,#VALUE!,313
"Lions D/ST, DET",,,180,Lions D/ST,314
$0 ,,,#VALUE!,#VALUE!,315
5,,,#VALUE!,#VALUE!,316
260. (TE29),,,#VALUE!,#VALUE!,317
"Jonnu Smith, MIA",,,260,Jonnu Smith,318
$0 ,,,#VALUE!,#VALUE!,319
6,,,#VALUE!,#VALUE!,320
21. (WR12),,,#VALUE!,#VALUE!,321
"Davante Adams, LV",,,21,Davante Adams,322
$34 ,,,#VALUE!,#VALUE!,323
10,,,#VALUE!,#VALUE!,324
101. (TE10),,,#VALUE!,#VALUE!,325
"Jake Ferguson, DAL",,,101,Jake Ferguson,326
$2 ,,,#VALUE!,#VALUE!,327
7,,,#VALUE!,#VALUE!,328
181. (K1),,,#VALUE!,#VALUE!,329
"Harrison Butker, KC",,,181,Harrison Butker,330
$0 ,,,#VALUE!,#VALUE!,331
6,,,#VALUE!,#VALUE!,332
261. (WR93),,,#VALUE!,#VALUE!,333
"Kalif Raymond, DET",,,261,Kalif Raymond,334
$0 ,,,#VALUE!,#VALUE!,335
5,,,#VALUE!,#VALUE!,336
22. (WR13),,,#VALUE!,#VALUE!,337
"Nico Collins, HOU",,,22,Nico Collins,338
$33 ,,,#VALUE!,#VALUE!,339
14,,,#VALUE!,#VALUE!,340
102. (RB32),,,#VALUE!,#VALUE!,341
"Ezekiel Elliott, DAL",,,102,Ezekiel Elliott,342
$2 ,,,#VALUE!,#VALUE!,343
7,,,#VALUE!,#VALUE!,344
182. (K2),,,#VALUE!,#VALUE!,345
"Brandon Aubrey, DAL",,,182,Brandon Aubrey,346
$0 ,,,#VALUE!,#VALUE!,347
7,,,#VALUE!,#VALUE!,348
262. (WR94),,,#VALUE!,#VALUE!,349
"Ray-Ray McCloud III, ATL",,,262,Ray-Ray McCloud III,350
$0 ,,,#VALUE!,#VALUE!,351
12,,,#VALUE!,#VALUE!,352
23. (WR14),,,#VALUE!,#VALUE!,353
"Marvin Harrison Jr., ARI",,,23,Marvin Harrison Jr.,354
$32 ,,,#VALUE!,#VALUE!,355
11,,,#VALUE!,#VALUE!,356
103. (RB33),,,#VALUE!,#VALUE!,357
"Austin Ekeler, WAS",,,103,Austin Ekeler,358
$2 ,,,#VALUE!,#VALUE!,359
14,,,#VALUE!,#VALUE!,360
183. (K3),,,#VALUE!,#VALUE!,361
"Justin Tucker, BAL",,,183,Justin Tucker,362
$0 ,,,#VALUE!,#VALUE!,363
14,,,#VALUE!,#VALUE!,364
263. (WR95),,,#VALUE!,#VALUE!,365
"Andrei Iosivas, CIN",,,263,Andrei Iosivas,366
$0 ,,,#VALUE!,#VALUE!,367
12,,,#VALUE!,#VALUE!,368
24. (RB10),,,#VALUE!,#VALUE!,369
"Derrick Henry, BAL",,,24,Derrick Henry,370
$32 ,,,#VALUE!,#VALUE!,371
14,,,#VALUE!,#VALUE!,372
104. (RB34),,,#VALUE!,#VALUE!,373
"Zack Moss, CIN",,,104,Zack Moss,374
$2 ,,,#VALUE!,#VALUE!,375
12,,,#VALUE!,#VALUE!,376
184. (K4),,,#VALUE!,#VALUE!,377
"Jake Elliott, PHI",,,184,Jake Elliott,378
$0 ,,,#VALUE!,#VALUE!,379
5,,,#VALUE!,#VALUE!,380
264. (WR96),,,#VALUE!,#VALUE!,381
"Van Jefferson, PIT",,,264,Van Jefferson,382
$0 ,,,#VALUE!,#VALUE!,383
9,,,#VALUE!,#VALUE!,384
25. (RB11),,,#VALUE!,#VALUE!,385
"Rachaad White, TB",,,25,Rachaad White,386
$31 ,,,#VALUE!,#VALUE!,387
11,,,#VALUE!,#VALUE!,388
105. (RB35),,,#VALUE!,#VALUE!,389
"Chase Brown, CIN",,,105,Chase Brown,390
$2 ,,,#VALUE!,#VALUE!,391
12,,,#VALUE!,#VALUE!,392
185. (K5),,,#VALUE!,#VALUE!,393
"Greg Zuerlein, NYJ",,,185,Greg Zuerlein,394
$0 ,,,#VALUE!,#VALUE!,395
12,,,#VALUE!,#VALUE!,396
265. (RB81),,,#VALUE!,#VALUE!,397
"Evan Hull, IND",,,265,Evan Hull,398
$0 ,,,#VALUE!,#VALUE!,399
14,,,#VALUE!,#VALUE!,400
26. (WR15),,,#VALUE!,#VALUE!,401
"Drake London, ATL",,,26,Drake London,402
$30 ,,,#VALUE!,#VALUE!,403
12,,,#VALUE!,#VALUE!,404
106. (RB36),,,#VALUE!,#VALUE!,405
"Gus Edwards, LAC",,,106,Gus Edwards,406
$2 ,,,#VALUE!,#VALUE!,407
5,,,#VALUE!,#VALUE!,408
186. (K6),,,#VALUE!,#VALUE!,409
"Ka'imi Fairbairn, HOU",,,186,Ka'imi Fairbairn,410
$0 ,,,#VALUE!,#VALUE!,411
14,,,#VALUE!,#VALUE!,412
266. (RB82),,,#VALUE!,#VALUE!,413
"AJ Dillon, GB",,,266,AJ Dillon,414
$0 ,,,#VALUE!,#VALUE!,415
10,,,#VALUE!,#VALUE!,416
27. (WR16),,,#VALUE!,#VALUE!,417
"DK Metcalf, SEA",,,27,DK Metcalf,418
$30 ,,,#VALUE!,#VALUE!,419
10,,,#VALUE!,#VALUE!,420
107. (WR49),,,#VALUE!,#VALUE!,421
"Hollywood Brown, KC",,,107,Hollywood Brown,422
$2 ,,,#VALUE!,#VALUE!,423
6,,,#VALUE!,#VALUE!,424
187. (K7),,,#VALUE!,#VALUE!,425
"Evan McPherson, CIN",,,187,Evan McPherson,426
$0 ,,,#VALUE!,#VALUE!,427
12,,,#VALUE!,#VALUE!,428
267. (QB28),,,#VALUE!,#VALUE!,429
"Bo Nix, DEN",,,267,Bo Nix,430
$0 ,,,#VALUE!,#VALUE!,431
14,,,#VALUE!,#VALUE!,432
28. (RB12),,,#VALUE!,#VALUE!,433
"Joe Mixon, HOU",,,28,Joe Mixon,434
$29 ,,,#VALUE!,#VALUE!,435
14,,,#VALUE!,#VALUE!,436
108. (WR50),,,#VALUE!,#VALUE!,437
"DeAndre Hopkins, TEN",,,108,DeAndre Hopkins,438
$2 ,,,#VALUE!,#VALUE!,439
5,,,#VALUE!,#VALUE!,440
188. (K8),,,#VALUE!,#VALUE!,441
"Jake Moody, SF",,,188,Jake Moody,442
$0 ,,,#VALUE!,#VALUE!,443
9,,,#VALUE!,#VALUE!,444
268. (QB29),,,#VALUE!,#VALUE!,445
"Derek Carr, NO",,,268,Derek Carr,446
$0 ,,,#VALUE!,#VALUE!,447
12,,,#VALUE!,#VALUE!,448
29. (RB13),,,#VALUE!,#VALUE!,449
"Kenneth Walker III, SEA",,,29,Kenneth Walker III,450
$28 ,,,#VALUE!,#VALUE!,451
10,,,#VALUE!,#VALUE!,452
109. (WR51),,,#VALUE!,#VALUE!,453
"Tyler Lockett, SEA",,,109,Tyler Lockett,454
$2 ,,,#VALUE!,#VALUE!,455
10,,,#VALUE!,#VALUE!,456
189. (K9),,,#VALUE!,#VALUE!,457
"Cameron Dicker, LAC",,,189,Cameron Dicker,458
$0 ,,,#VALUE!,#VALUE!,459
5,,,#VALUE!,#VALUE!,460
269. (QB30),,,#VALUE!,#VALUE!,461
"Drake Maye, NE",,,269,Drake Maye,462
$0 ,,,#VALUE!,#VALUE!,463
14,,,#VALUE!,#VALUE!,464
30. (RB14),,,#VALUE!,#VALUE!,465
"James Cook, BUF",,,30,James Cook,466
$27 ,,,#VALUE!,#VALUE!,467
12,,,#VALUE!,#VALUE!,468
110. (TE11),,,#VALUE!,#VALUE!,469
"Brock Bowers, LV",,,110,Brock Bowers,470
$2 ,,,#VALUE!,#VALUE!,471
10,,,#VALUE!,#VALUE!,472
190. (K10),,,#VALUE!,#VALUE!,473
"Cairo Santos, CHI",,,190,Cairo Santos,474
$0 ,,,#VALUE!,#VALUE!,475
7,,,#VALUE!,#VALUE!,476
270. (QB31),,,#VALUE!,#VALUE!,477
"Sam Darnold, MIN",,,270,Sam Darnold,478
$0 ,,,#VALUE!,#VALUE!,479
6,,,#VALUE!,#VALUE!,480
31. (WR17),,,#VALUE!,#VALUE!,481
"Brandon Aiyuk, SF",,,31,Brandon Aiyuk,482
$26 ,,,#VALUE!,#VALUE!,483
9,,,#VALUE!,#VALUE!,484
111. (TE12),,,#VALUE!,#VALUE!,485
"Dallas Goedert, PHI",,,111,Dallas Goedert,486
$2 ,,,#VALUE!,#VALUE!,487
5,,,#VALUE!,#VALUE!,488
191. (K11),,,#VALUE!,#VALUE!,489
"Younghoe Koo, ATL",,,191,Younghoe Koo,490
$0 ,,,#VALUE!,#VALUE!,491
12,,,#VALUE!,#VALUE!,492
271. (WR97),,,#VALUE!,#VALUE!,493
"Cedric Tillman, CLE",,,271,Cedric Tillman,494
$0 ,,,#VALUE!,#VALUE!,495
10,,,#VALUE!,#VALUE!,496
32. (WR18),,,#VALUE!,#VALUE!,497
"Malik Nabers, NYG",,,32,Malik Nabers,498
$25 ,,,#VALUE!,#VALUE!,499
11,,,#VALUE!,#VALUE!,500
112. (TE13),,,#VALUE!,#VALUE!,501
"Pat Freiermuth, PIT",,,112,Pat Freiermuth,502
$2 ,,,#VALUE!,#VALUE!,503
9,,,#VALUE!,#VALUE!,504
192. (K12),,,#VALUE!,#VALUE!,505
"Jake Bates, DET",,,192,Jake Bates,506
$0 ,,,#VALUE!,#VALUE!,507
5,,,#VALUE!,#VALUE!,508
272. (WR98),,,#VALUE!,#VALUE!,509
"Jonathan Mingo, CAR",,,272,Jonathan Mingo,510
$0 ,,,#VALUE!,#VALUE!,511
11,,,#VALUE!,#VALUE!,512
33. (WR19),,,#VALUE!,#VALUE!,513
"DJ Moore, CHI",,,33,DJ Moore,514
$24 ,,,#VALUE!,#VALUE!,515
7,,,#VALUE!,#VALUE!,516
113. (RB37),,,#VALUE!,#VALUE!,517
"J.K. Dobbins, LAC",,,113,J.K. Dobbins,518
$2 ,,,#VALUE!,#VALUE!,519
5,,,#VALUE!,#VALUE!,520
193. (TE21),,,#VALUE!,#VALUE!,521
"Juwan Johnson, NO",,,193,Juwan Johnson,522
$0 ,,,#VALUE!,#VALUE!,523
12,,,#VALUE!,#VALUE!,524
273. (WR99),,,#VALUE!,#VALUE!,525
"Nelson Agholor, BAL",,,273,Nelson Agholor,526
$0 ,,,#VALUE!,#VALUE!,527
14,,,#VALUE!,#VALUE!,528
34. (WR20),,,#VALUE!,#VALUE!,529
"Calvin Ridley, TEN",,,34,Calvin Ridley,530
$23 ,,,#VALUE!,#VALUE!,531
5,,,#VALUE!,#VALUE!,532
114. (RB38),,,#VALUE!,#VALUE!,533
"Jonathon Brooks, CAR",,,114,Jonathon Brooks,534
$2 ,,,#VALUE!,#VALUE!,535
11,,,#VALUE!,#VALUE!,536
194. (WR72),,,#VALUE!,#VALUE!,537
"Ricky Pearsall, SF",,,194,Ricky Pearsall,538
$0 ,,,#VALUE!,#VALUE!,539
9,,,#VALUE!,#VALUE!,540
274. (WR100),,,#VALUE!,#VALUE!,541
"Elijah Moore, CLE",,,274,Elijah Moore,542
$0 ,,,#VALUE!,#VALUE!,543
10,,,#VALUE!,#VALUE!,544
35. (QB1),,,#VALUE!,#VALUE!,545
"Josh Allen, BUF",,,35,Josh Allen,546
$22 ,,,#VALUE!,#VALUE!,547
12,,,#VALUE!,#VALUE!,548
115. (RB39),,,#VALUE!,#VALUE!,549
"Nick Chubb, CLE",,,115,Nick Chubb,550
$2 ,,,#VALUE!,#VALUE!,551
10,,,#VALUE!,#VALUE!,552
195. (RB58),,,#VALUE!,#VALUE!,553
"Braelon Allen, NYJ",,,195,Braelon Allen,554
$0 ,,,#VALUE!,#VALUE!,555
12,,,#VALUE!,#VALUE!,556
275. (WR101),,,#VALUE!,#VALUE!,557
"Xavier Gipson, NYJ",,,275,Xavier Gipson,558
$0 ,,,#VALUE!,#VALUE!,559
12,,,#VALUE!,#VALUE!,560
36. (TE1),,,#VALUE!,#VALUE!,561
"Sam LaPorta, DET",,,36,Sam LaPorta,562
$22 ,,,#VALUE!,#VALUE!,563
5,,,#VALUE!,#VALUE!,564
116. (RB40),,,#VALUE!,#VALUE!,565
"Chuba Hubbard, CAR",,,116,Chuba Hubbard,566
$2 ,,,#VALUE!,#VALUE!,567
11,,,#VALUE!,#VALUE!,568
196. (RB59),,,#VALUE!,#VALUE!,569
"Rico Dowdle, DAL",,,196,Rico Dowdle,570
$0 ,,,#VALUE!,#VALUE!,571
7,,,#VALUE!,#VALUE!,572
276. (RB83),,,#VALUE!,#VALUE!,573
"Chris Rodriguez Jr., WAS",,,276,Chris Rodriguez Jr.,574
$0 ,,,#VALUE!,#VALUE!,575
14,,,#VALUE!,#VALUE!,576
37. (TE2),,,#VALUE!,#VALUE!,577
"Travis Kelce, KC",,,37,Travis Kelce,578
$22 ,,,#VALUE!,#VALUE!,579
6,,,#VALUE!,#VALUE!,580
117. (RB41),,,#VALUE!,#VALUE!,581
"Jerome Ford, CLE",,,117,Jerome Ford,582
$2 ,,,#VALUE!,#VALUE!,583
10,,,#VALUE!,#VALUE!,584
197. (QB21),,,#VALUE!,#VALUE!,585
"Matthew Stafford, LAR",,,197,Matthew Stafford,586
$0 ,,,#VALUE!,#VALUE!,587
6,,,#VALUE!,#VALUE!,588
277. (RB84),,,#VALUE!,#VALUE!,589
"Ameer Abdullah, LV",,,277,Ameer Abdullah,590
$0 ,,,#VALUE!,#VALUE!,591
10,,,#VALUE!,#VALUE!,592
38. (QB2),,,#VALUE!,#VALUE!,593
"Jalen Hurts, PHI",,,38,Jalen Hurts,594
$21 ,,,#VALUE!,#VALUE!,595
5,,,#VALUE!,#VALUE!,596
118. (QB13),,,#VALUE!,#VALUE!,597
"Aaron Rodgers, NYJ",,,118,Aaron Rodgers,598
$2 ,,,#VALUE!,#VALUE!,599
12,,,#VALUE!,#VALUE!,600
198. (QB22),,,#VALUE!,#VALUE!,601
"Bryce Young, CAR",,,198,Bryce Young,602
$0 ,,,#VALUE!,#VALUE!,603
11,,,#VALUE!,#VALUE!,604
278. (RB85),,,#VALUE!,#VALUE!,605
"Kimani Vidal, LAC",,,278,Kimani Vidal,606
$0 ,,,#VALUE!,#VALUE!,607
5,,,#VALUE!,#VALUE!,608
39. (RB15),,,#VALUE!,#VALUE!,609
"Josh Jacobs, GB",,,39,Josh Jacobs,610
$21 ,,,#VALUE!,#VALUE!,611
10,,,#VALUE!,#VALUE!,612
119. (QB14),,,#VALUE!,#VALUE!,613
"Justin Herbert, LAC",,,119,Justin Herbert,614
$2 ,,,#VALUE!,#VALUE!,615
5,,,#VALUE!,#VALUE!,616
199. (QB23),,,#VALUE!,#VALUE!,617
"Daniel Jones, NYG",,,199,Daniel Jones,618
$0 ,,,#VALUE!,#VALUE!,619
11,,,#VALUE!,#VALUE!,620
279. (RB86),,,#VALUE!,#VALUE!,621
"Audric Estime, DEN",,,279,Audric Estime,622
$0 ,,,#VALUE!,#VALUE!,623
14,,,#VALUE!,#VALUE!,624
40. (RB16),,,#VALUE!,#VALUE!,625
"Alvin Kamara, NO",,,40,Alvin Kamara,626
$20 ,,,#VALUE!,#VALUE!,627
12,,,#VALUE!,#VALUE!,628
120. (QB15),,,#VALUE!,#VALUE!,629
"Kirk Cousins, ATL",,,120,Kirk Cousins,630
$2 ,,,#VALUE!,#VALUE!,631
12,,,#VALUE!,#VALUE!,632
200. (QB24),,,#VALUE!,#VALUE!,633
"Baker Mayfield, TB",,,200,Baker Mayfield,634
$0 ,,,#VALUE!,#VALUE!,635
11,,,#VALUE!,#VALUE!,636
280. (RB87),,,#VALUE!,#VALUE!,637
"Cordarrelle Patterson, PIT",,,280,Cordarrelle Patterson,638
$0 ,,,#VALUE!,#VALUE!,639
9,,,#VALUE!,#VALUE!,640
41. (RB17),,,#VALUE!,#VALUE!,641
"De'Von Achane, MIA",,,41,De'Von Achane,642
$19 ,,,#VALUE!,#VALUE!,643
6,,,#VALUE!,#VALUE!,644
121. (RB42),,,#VALUE!,#VALUE!,645
"Ty Chandler, MIN",,,121,Ty Chandler,646
$1 ,,,#VALUE!,#VALUE!,647
6,,,#VALUE!,#VALUE!,648
201. (WR73),,,#VALUE!,#VALUE!,649
"Demarcus Robinson, LAR",,,201,Demarcus Robinson,650
$0 ,,,#VALUE!,#VALUE!,651
6,,,#VALUE!,#VALUE!,652
281. (RB88),,,#VALUE!,#VALUE!,653
"Dare Ogunbowale, HOU",,,281,Dare Ogunbowale,654
$0 ,,,#VALUE!,#VALUE!,655
14,,,#VALUE!,#VALUE!,656
42. (WR21),,,#VALUE!,#VALUE!,657
"Michael Pittman Jr., IND",,,42,Michael Pittman Jr.,658
$19 ,,,#VALUE!,#VALUE!,659
14,,,#VALUE!,#VALUE!,660
122. (RB43),,,#VALUE!,#VALUE!,661
"Tyler Allgeier, ATL",,,122,Tyler Allgeier,662
$1 ,,,#VALUE!,#VALUE!,663
12,,,#VALUE!,#VALUE!,664
202. (WR74),,,#VALUE!,#VALUE!,665
"Wan'Dale Robinson, NYG",,,202,Wan'Dale Robinson,666
$0 ,,,#VALUE!,#VALUE!,667
11,,,#VALUE!,#VALUE!,668
282. (RB89),,,#VALUE!,#VALUE!,669
"Julius Chestnut, TEN",,,282,Julius Chestnut,670
$0 ,,,#VALUE!,#VALUE!,671
5,,,#VALUE!,#VALUE!,672
43. (WR22),,,#VALUE!,#VALUE!,673
"Tee Higgins, CIN",,,43,Tee Higgins,674
$18 ,,,#VALUE!,#VALUE!,675
12,,,#VALUE!,#VALUE!,676
123. (RB44),,,#VALUE!,#VALUE!,677
"Zach Charbonnet, SEA",,,123,Zach Charbonnet,678
$1 ,,,#VALUE!,#VALUE!,679
10,,,#VALUE!,#VALUE!,680
203. (WR75),,,#VALUE!,#VALUE!,681
"DJ Chark Jr., LAC",,,203,DJ Chark Jr.,682
$0 ,,,#VALUE!,#VALUE!,683
5,,,#VALUE!,#VALUE!,684
283. (RB90),,,#VALUE!,#VALUE!,685
"Will Shipley, PHI",,,283,Will Shipley,686
$0 ,,,#VALUE!,#VALUE!,687
5,,,#VALUE!,#VALUE!,688
44. (WR23),,,#VALUE!,#VALUE!,689
"Cooper Kupp, LAR",,,44,Cooper Kupp,690
$17 ,,,#VALUE!,#VALUE!,691
6,,,#VALUE!,#VALUE!,692
124. (RB45),,,#VALUE!,#VALUE!,693
"Trey Benson, ARI",,,124,Trey Benson,694
$1 ,,,#VALUE!,#VALUE!,695
11,,,#VALUE!,#VALUE!,696
204. (WR76),,,#VALUE!,#VALUE!,697
"Tyler Boyd, TEN",,,204,Tyler Boyd,698
$0 ,,,#VALUE!,#VALUE!,699
5,,,#VALUE!,#VALUE!,700
284. (WR102),,,#VALUE!,#VALUE!,701
"Calvin Austin III, PIT",,,284,Calvin Austin III,702
$0 ,,,#VALUE!,#VALUE!,703
9,,,#VALUE!,#VALUE!,704
45. (WR24),,,#VALUE!,#VALUE!,705
"DeVonta Smith, PHI",,,45,DeVonta Smith,706
$17 ,,,#VALUE!,#VALUE!,707
5,,,#VALUE!,#VALUE!,708
125. (WR52),,,#VALUE!,#VALUE!,709
"Darnell Mooney, ATL",,,125,Darnell Mooney,710
$1 ,,,#VALUE!,#VALUE!,711
12,,,#VALUE!,#VALUE!,712
205. (WR77),,,#VALUE!,#VALUE!,713
"Tre Tucker, LV",,,205,Tre Tucker,714
$0 ,,,#VALUE!,#VALUE!,715
10,,,#VALUE!,#VALUE!,716
285. (DST17),,,#VALUE!,#VALUE!,717
"Bills D/ST, BUF",,,285,Bills D/ST,718
$0 ,,,#VALUE!,#VALUE!,719
12,,,#VALUE!,#VALUE!,720
46. (WR25),,,#VALUE!,#VALUE!,721
"Jaylen Waddle, MIA",,,46,Jaylen Waddle,722
$15 ,,,#VALUE!,#VALUE!,723
6,,,#VALUE!,#VALUE!,724
126. (WR53),,,#VALUE!,#VALUE!,725
"Jerry Jeudy, CLE",,,126,Jerry Jeudy,726
$1 ,,,#VALUE!,#VALUE!,727
10,,,#VALUE!,#VALUE!,728
206. (TE22),,,#VALUE!,#VALUE!,729
"Tucker Kraft, GB",,,206,Tucker Kraft,730
$0 ,,,#VALUE!,#VALUE!,731
10,,,#VALUE!,#VALUE!,732
286. (DST18),,,#VALUE!,#VALUE!,733
"Texans D/ST, HOU",,,286,Texans D/ST,734
$0 ,,,#VALUE!,#VALUE!,735
14,,,#VALUE!,#VALUE!,736
47. (WR26),,,#VALUE!,#VALUE!,737
"Stefon Diggs, HOU",,,47,Stefon Diggs,738
$15 ,,,#VALUE!,#VALUE!,739
14,,,#VALUE!,#VALUE!,740
127. (WR54),,,#VALUE!,#VALUE!,741
"Gabe Davis, JAC",,,127,Gabe Davis,742
$1 ,,,#VALUE!,#VALUE!,743
12,,,#VALUE!,#VALUE!,744
207. (TE23),,,#VALUE!,#VALUE!,745
"Luke Musgrave, GB",,,207,Luke Musgrave,746
$0 ,,,#VALUE!,#VALUE!,747
10,,,#VALUE!,#VALUE!,748
287. (K17),,,#VALUE!,#VALUE!,749
"Jason Sanders, MIA",,,287,Jason Sanders,750
$0 ,,,#VALUE!,#VALUE!,751
6,,,#VALUE!,#VALUE!,752
48. (WR27),,,#VALUE!,#VALUE!,753
"George Pickens, PIT",,,48,George Pickens,754
$14 ,,,#VALUE!,#VALUE!,755
9,,,#VALUE!,#VALUE!,756
128. (WR55),,,#VALUE!,#VALUE!,757
"Adam Thielen, CAR",,,128,Adam Thielen,758
$1 ,,,#VALUE!,#VALUE!,759
11,,,#VALUE!,#VALUE!,760
208. (WR78),,,#VALUE!,#VALUE!,761
"Jalin Hyatt, NYG",,,208,Jalin Hyatt,762
$0 ,,,#VALUE!,#VALUE!,763
11,,,#VALUE!,#VALUE!,764
288. (K18),,,#VALUE!,#VALUE!,765
"Nick Folk, TEN",,,288,Nick Folk,766
$0 ,,,#VALUE!,#VALUE!,767
5,,,#VALUE!,#VALUE!,768
49. (QB3),,,#VALUE!,#VALUE!,769
"Lamar Jackson, BAL",,,49,Lamar Jackson,770
$13 ,,,#VALUE!,#VALUE!,771
14,,,#VALUE!,#VALUE!,772
129. (WR56),,,#VALUE!,#VALUE!,773
"Curtis Samuel, BUF",,,129,Curtis Samuel,774
$1 ,,,#VALUE!,#VALUE!,775
12,,,#VALUE!,#VALUE!,776
209. (WR79),,,#VALUE!,#VALUE!,777
"Jahan Dotson, WAS",,,209,Jahan Dotson,778
$0 ,,,#VALUE!,#VALUE!,779
14,,,#VALUE!,#VALUE!,780
289. (TE30),,,#VALUE!,#VALUE!,781
"Theo Johnson, NYG",,,289,Theo Johnson,782
$0 ,,,#VALUE!,#VALUE!,783
11,,,#VALUE!,#VALUE!,784
50. (QB4),,,#VALUE!,#VALUE!,785
"Patrick Mahomes II, KC",,,50,Patrick Mahomes II,786
$13 ,,,#VALUE!,#VALUE!,787
6,,,#VALUE!,#VALUE!,788
130. (WR57),,,#VALUE!,#VALUE!,789
"Jameson Williams, DET",,,130,Jameson Williams,790
$1 ,,,#VALUE!,#VALUE!,791
5,,,#VALUE!,#VALUE!,792
210. (WR80),,,#VALUE!,#VALUE!,793
"Rashod Bateman, BAL",,,210,Rashod Bateman,794
$0 ,,,#VALUE!,#VALUE!,795
14,,,#VALUE!,#VALUE!,796
290. (TE31),,,#VALUE!,#VALUE!,797
"Ben Sinnott, WAS",,,290,Ben Sinnott,798
$0 ,,,#VALUE!,#VALUE!,799
14,,,#VALUE!,#VALUE!,800
51. (TE3),,,#VALUE!,#VALUE!,801
"Mark Andrews, BAL",,,51,Mark Andrews,802
$12 ,,,#VALUE!,#VALUE!,803
14,,,#VALUE!,#VALUE!,804
131. (WR58),,,#VALUE!,#VALUE!,805
"Rashid Shaheed, NO",,,131,Rashid Shaheed,806
$1 ,,,#VALUE!,#VALUE!,807
12,,,#VALUE!,#VALUE!,808
211. (WR81),,,#VALUE!,#VALUE!,809
"Jalen Tolbert, DAL",,,211,Jalen Tolbert,810
$0 ,,,#VALUE!,#VALUE!,811
7,,,#VALUE!,#VALUE!,812
291. (TE32),,,#VALUE!,#VALUE!,813
"Gerald Everett, CHI",,,291,Gerald Everett,814
$0 ,,,#VALUE!,#VALUE!,815
7,,,#VALUE!,#VALUE!,816
52. (WR28),,,#VALUE!,#VALUE!,817
"Tank Dell, HOU",,,52,Tank Dell,818
$11 ,,,#VALUE!,#VALUE!,819
14,,,#VALUE!,#VALUE!,820
132. (QB16),,,#VALUE!,#VALUE!,821
"Caleb Williams, CHI",,,132,Caleb Williams,822
$1 ,,,#VALUE!,#VALUE!,823
7,,,#VALUE!,#VALUE!,824
212. (RB60),,,#VALUE!,#VALUE!,825
"Keaton Mitchell, BAL",,,212,Keaton Mitchell,826
$0 ,,,#VALUE!,#VALUE!,827
14,,,#VALUE!,#VALUE!,828
292. (TE33),,,#VALUE!,#VALUE!,829
"Colby Parkinson, LAR",,,292,Colby Parkinson,830
$0 ,,,#VALUE!,#VALUE!,831
6,,,#VALUE!,#VALUE!,832
53. (WR29),,,#VALUE!,#VALUE!,833
"Zay Flowers, BAL",,,53,Zay Flowers,834
$11 ,,,#VALUE!,#VALUE!,835
14,,,#VALUE!,#VALUE!,836
133. (QB17),,,#VALUE!,#VALUE!,837
"Deshaun Watson, CLE",,,133,Deshaun Watson,838
$1 ,,,#VALUE!,#VALUE!,839
10,,,#VALUE!,#VALUE!,840
213. (RB61),,,#VALUE!,#VALUE!,841
"Jamaal Williams, NO",,,213,Jamaal Williams,842
$0 ,,,#VALUE!,#VALUE!,843
12,,,#VALUE!,#VALUE!,844
293. (TE34),,,#VALUE!,#VALUE!,845
"Greg Dulcich, DEN",,,293,Greg Dulcich,846
$0 ,,,#VALUE!,#VALUE!,847
14,,,#VALUE!,#VALUE!,848
54. (WR30),,,#VALUE!,#VALUE!,849
"Diontae Johnson, CAR",,,54,Diontae Johnson,850
$10 ,,,#VALUE!,#VALUE!,851
11,,,#VALUE!,#VALUE!,852
134. (QB18),,,#VALUE!,#VALUE!,853
"Trevor Lawrence, JAC",,,134,Trevor Lawrence,854
$1 ,,,#VALUE!,#VALUE!,855
12,,,#VALUE!,#VALUE!,856
214. (RB62),,,#VALUE!,#VALUE!,857
"Tank Bigsby, JAC",,,214,Tank Bigsby,858
$0 ,,,#VALUE!,#VALUE!,859
12,,,#VALUE!,#VALUE!,860
294. (WR103),,,#VALUE!,#VALUE!,861
"KaVontae Turpin, DAL",,,294,KaVontae Turpin,862
$0 ,,,#VALUE!,#VALUE!,863
7,,,#VALUE!,#VALUE!,864
55. (WR31),,,#VALUE!,#VALUE!,865
"Amari Cooper, CLE",,,55,Amari Cooper,866
$10 ,,,#VALUE!,#VALUE!,867
10,,,#VALUE!,#VALUE!,868
135. (TE14),,,#VALUE!,#VALUE!,869
"Taysom Hill, NO",,,135,Taysom Hill,870
$1 ,,,#VALUE!,#VALUE!,871
12,,,#VALUE!,#VALUE!,872
215. (TE24),,,#VALUE!,#VALUE!,873
"Noah Fant, SEA",,,215,Noah Fant,874
$0 ,,,#VALUE!,#VALUE!,875
10,,,#VALUE!,#VALUE!,876
295. (WR104),,,#VALUE!,#VALUE!,877
"KhaDarel Hodge, ATL",,,295,KhaDarel Hodge,878
$0 ,,,#VALUE!,#VALUE!,879
12,,,#VALUE!,#VALUE!,880
56. (TE4),,,#VALUE!,#VALUE!,881
"George Kittle, SF",,,56,George Kittle,882
$10 ,,,#VALUE!,#VALUE!,883
9,,,#VALUE!,#VALUE!,884
136. (TE15),,,#VALUE!,#VALUE!,885
"T.J. Hockenson, MIN",,,136,T.J. Hockenson,886
$1 ,,,#VALUE!,#VALUE!,887
6,,,#VALUE!,#VALUE!,888
216. (TE25),,,#VALUE!,#VALUE!,889
"Cade Otton, TB",,,216,Cade Otton,890
$0 ,,,#VALUE!,#VALUE!,891
11,,,#VALUE!,#VALUE!,892
296. (QB32),,,#VALUE!,#VALUE!,893
"Gardner Minshew II, LV",,,296,Gardner Minshew II,894
$0 ,,,#VALUE!,#VALUE!,895
10,,,#VALUE!,#VALUE!,896
57. (TE5),,,#VALUE!,#VALUE!,897
"Trey McBride, ARI",,,57,Trey McBride,898
$10 ,,,#VALUE!,#VALUE!,899
11,,,#VALUE!,#VALUE!,900
137. (TE16),,,#VALUE!,#VALUE!,901
"Dalton Schultz, HOU",,,137,Dalton Schultz,902
$1 ,,,#VALUE!,#VALUE!,903
14,,,#VALUE!,#VALUE!,904
217. (TE26),,,#VALUE!,#VALUE!,905
"Hayden Hurst, LAC",,,217,Hayden Hurst,906
$0 ,,,#VALUE!,#VALUE!,907
5,,,#VALUE!,#VALUE!,908
297. (DST19),,,#VALUE!,#VALUE!,909
"Packers D/ST, GB",,,297,Packers D/ST,910
$0 ,,,#VALUE!,#VALUE!,911
10,,,#VALUE!,#VALUE!,912
58. (QB5),,,#VALUE!,#VALUE!,913
"Anthony Richardson, IND",,,58,Anthony Richardson,914
$9 ,,,#VALUE!,#VALUE!,915
14,,,#VALUE!,#VALUE!,916
138. (WR59),,,#VALUE!,#VALUE!,917
"DeMario Douglas, NE",,,138,DeMario Douglas,918
$1 ,,,#VALUE!,#VALUE!,919
14,,,#VALUE!,#VALUE!,920
218. (QB25),,,#VALUE!,#VALUE!,921
"Geno Smith, SEA",,,218,Geno Smith,922
$0 ,,,#VALUE!,#VALUE!,923
10,,,#VALUE!,#VALUE!,924
298. (DST20),,,#VALUE!,#VALUE!,925
"Vikings D/ST, MIN",,,298,Vikings D/ST,926
$0 ,,,#VALUE!,#VALUE!,927
6,,,#VALUE!,#VALUE!,928
59. (QB6),,,#VALUE!,#VALUE!,929
"C.J. Stroud, HOU",,,59,C.J. Stroud,930
$9 ,,,#VALUE!,#VALUE!,931
14,,,#VALUE!,#VALUE!,932
139. (WR60),,,#VALUE!,#VALUE!,933
"Khalil Shakir, BUF",,,139,Khalil Shakir,934
$1 ,,,#VALUE!,#VALUE!,935
12,,,#VALUE!,#VALUE!,936
219. (QB26),,,#VALUE!,#VALUE!,937
"Will Levis, TEN",,,219,Will Levis,938
$0 ,,,#VALUE!,#VALUE!,939
5,,,#VALUE!,#VALUE!,940
299. (DST21),,,#VALUE!,#VALUE!,941
"Eagles D/ST, PHI",,,299,Eagles D/ST,942
$0 ,,,#VALUE!,#VALUE!,943
5,,,#VALUE!,#VALUE!,944
60. (QB7),,,#VALUE!,#VALUE!,945
"Joe Burrow, CIN",,,60,Joe Burrow,946
$9 ,,,#VALUE!,#VALUE!,947
12,,,#VALUE!,#VALUE!,948
140. (WR61),,,#VALUE!,#VALUE!,949
"Ja'Lynn Polk, NE",,,140,Ja'Lynn Polk,950
$1 ,,,#VALUE!,#VALUE!,951
14,,,#VALUE!,#VALUE!,952
220. (QB27),,,#VALUE!,#VALUE!,953
"Russell Wilson, PIT",,,220,Russell Wilson,954
$0 ,,,#VALUE!,#VALUE!,955
9,,,#VALUE!,#VALUE!,956
300. (DST22),,,#VALUE!,#VALUE!,957
"Panthers D/ST, CAR",,,300,Panthers D/ST,958
$0 ,,,#VALUE!,#VALUE!,959
11,,,#VALUE!,#VALUE!,960
61. (QB8),,,#VALUE!,#VALUE!,961
"Dak Prescott, DAL",,,61,Dak Prescott,962
$8 ,,,#VALUE!,#VALUE!,963
7,,,#VALUE!,#VALUE!,964
141. (WR62),,,#VALUE!,#VALUE!,965
"Adonai Mitchell, IND",,,141,Adonai Mitchell,966
$1 ,,,#VALUE!,#VALUE!,967
$14 ,,,#VALUE!,#VALUE!,968
221. (RB63),,,#VALUE!,#VALUE!,969
"Kenneth Gainwell, PHI",,,221,Kenneth Gainwell,970
$0 ,,,#VALUE!,#VALUE!,971
$5 ,,,#VALUE!,#VALUE!,972
62. (RB18),,,#VALUE!,#VALUE!,973
"D'Andre Swift, CHI",,,62,D'Andre Swift,974
$8 ,,,#VALUE!,#VALUE!,975
$7 ,,,#VALUE!,#VALUE!,976
142. (RB46),,,#VALUE!,#VALUE!,977
"Blake Corum, LAR",,,142,Blake Corum,978
$1 ,,,#VALUE!,#VALUE!,979
$6 ,,,#VALUE!,#VALUE!,980
222. (RB64),,,#VALUE!,#VALUE!,981
"Tyrone Tracy Jr., NYG",,,222,Tyrone Tracy Jr.,982
$0 ,,,#VALUE!,#VALUE!,983
$11 ,,,#VALUE!,#VALUE!,984
63. (RB19),,,#VALUE!,#VALUE!,985
"Rhamondre Stevenson, NE",,,63,Rhamondre Stevenson,986
$8 ,,,#VALUE!,#VALUE!,987
$14 ,,,#VALUE!,#VALUE!,988
143. (RB47),,,#VALUE!,#VALUE!,989
"Kendre Miller, NO",,,143,Kendre Miller,990
$1 ,,,#VALUE!,#VALUE!,991
$12 ,,,#VALUE!,#VALUE!,992
223. (RB65),,,#VALUE!,#VALUE!,993
"Bucky Irving, TB",,,223,Bucky Irving,994
$0 ,,,#VALUE!,#VALUE!,995
$11 ,,,#VALUE!,#VALUE!,996
64. (RB20),,,#VALUE!,#VALUE!,997
"Najee Harris, PIT",,,64,Najee Harris,998
$7 ,,,#VALUE!,#VALUE!,999
$9 ,,,#VALUE!,#VALUE!,1000
144. (RB48),,,#VALUE!,#VALUE!,1001
"Antonio Gibson, NE",,,144,Antonio Gibson,1002
$1 ,,,#VALUE!,#VALUE!,1003
$14 ,,,#VALUE!,#VALUE!,1004
224. (WR82),,,#VALUE!,#VALUE!,1005
"Darius Slayton, NYG",,,224,Darius Slayton,1006
$0 ,,,#VALUE!,#VALUE!,1007
$11 ,,,#VALUE!,#VALUE!,1008
65. (RB21),,,#VALUE!,#VALUE!,1009
"James Conner, ARI",,,65,James Conner,1010
$7 ,,,#VALUE!,#VALUE!,1011
$11 ,,,#VALUE!,#VALUE!,1012
145. (RB49),,,#VALUE!,#VALUE!,1013
"MarShawn Lloyd, GB",,,145,MarShawn Lloyd,1014
$1 ,,,#VALUE!,#VALUE!,1015
$10 ,,,#VALUE!,#VALUE!,1016
225. (RB66),,,#VALUE!,#VALUE!,1017
"Justice Hill, BAL",,,225,Justice Hill,1018
$0 ,,,#VALUE!,#VALUE!,1019
$14 ,,,#VALUE!,#VALUE!,1020
"Lions, Chargers",,,#VALUE!,Lions,1021
66. (RB22),,,#VALUE!,#VALUE!,1022
"David Montgomery, DET",,,66,David Montgomery,1023
$7 ,,,#VALUE!,#VALUE!,1024
5,,,#VALUE!,#VALUE!,1025
146. (RB50),,,#VALUE!,#VALUE!,1026
"Jaleel McLaughlin, DEN",,,146,Jaleel McLaughlin,1027
$1 ,,,#VALUE!,#VALUE!,1028
14,,,#VALUE!,#VALUE!,1029
226. (RB67),,,#VALUE!,#VALUE!,1030
"D'Onta Foreman, CLE",,,226,D'Onta Foreman,1031
$0 ,,,#VALUE!,#VALUE!,1032
10,,,#VALUE!,#VALUE!,1033
"Eagles, Titans",,,#VALUE!,Eagles,1034
67. (WR32),,,#VALUE!,#VALUE!,1035
"Chris Godwin, TB",,,67,Chris Godwin,1036
$7 ,,,#VALUE!,#VALUE!,1037
11,,,#VALUE!,#VALUE!,1038
147. (WR63),,,#VALUE!,#VALUE!,1039
"Xavier Legette, CAR",,,147,Xavier Legette,1040
$1 ,,,#VALUE!,#VALUE!,1041
11,,,#VALUE!,#VALUE!,1042
227. (WR83),,,#VALUE!,#VALUE!,1043
"Tim Patrick, DEN",,,227,Tim Patrick,1044
$0 ,,,#VALUE!,#VALUE!,1045
14,,,#VALUE!,#VALUE!,1046
"Chiefs, Rams",,,#VALUE!,Chiefs,1047
68. (WR33),,,#VALUE!,#VALUE!,1048
"Rashee Rice, KC",,,68,Rashee Rice,1049
$6 ,,,#VALUE!,#VALUE!,1050
6,,,#VALUE!,#VALUE!,1051
148. (WR64),,,#VALUE!,#VALUE!,1052
"Joshua Palmer, LAC",,,148,Joshua Palmer,1053
$1 ,,,#VALUE!,#VALUE!,1054
5,,,#VALUE!,#VALUE!,1055
228. (WR84),,,#VALUE!,#VALUE!,1056
"Jalen McMillan, TB",,,228,Jalen McMillan,1057
$0 ,,,#VALUE!,#VALUE!,1058
11,,,#VALUE!,#VALUE!,1059
"Dolphins, Vikings",,,#VALUE!,Dolphins,1060
69. (WR34),,,#VALUE!,#VALUE!,1061
"Christian Kirk, JAC",,,69,Christian Kirk,1062
$6 ,,,#VALUE!,#VALUE!,1063
$12 ,,,#VALUE!,#VALUE!,1064
149. (WR65),,,#VALUE!,#VALUE!,1065
"Michael Wilson, ARI",,,149,Michael Wilson,1066
$1 ,,,#VALUE!,#VALUE!,1067
$11 ,,,#VALUE!,#VALUE!,1068
229. (WR85),,,#VALUE!,#VALUE!,1069
"Odell Beckham Jr., MIA",,,229,Odell Beckham Jr.,1070
$0 ,,,#VALUE!,#VALUE!,1071
$6 ,,,#VALUE!,#VALUE!,1072
7,,,#VALUE!,#VALUE!,1073
"Bears, Cowboys",,,#VALUE!,Bears,1074
70. (WR35),,,#VALUE!,#VALUE!,1075
"Keenan Allen, CHI",,,70,Keenan Allen,1076
$6 ,,,#VALUE!,#VALUE!,1077
7,,,#VALUE!,#VALUE!,1078
150. (WR66),,,#VALUE!,#VALUE!,1079
"Brandin Cooks, DAL",,,150,Brandin Cooks,1080
$1 ,,,#VALUE!,#VALUE!,1081
7,,,#VALUE!,#VALUE!,1082
230. (WR86),,,#VALUE!,#VALUE!,1083
"Zay Jones, ARI",,,230,Zay Jones,1084
$0 ,,,#VALUE!,#VALUE!,1085
11,,,#VALUE!,#VALUE!,1086
9,,,#VALUE!,#VALUE!,1087
"Steelers, 49ers",,,#VALUE!,Steelers,1088
71. (WR36),,,#VALUE!,#VALUE!,1089
"Christian Watson, GB",,,71,Christian Watson,1090
$6 ,,,#VALUE!,#VALUE!,1091
$10 ,,,#VALUE!,#VALUE!,1092
151. (WR67),,,#VALUE!,#VALUE!,1093
"Marvin Mims Jr., DEN",,,151,Marvin Mims Jr.,1094
$1 ,,,#VALUE!,#VALUE!,1095
$14 ,,,#VALUE!,#VALUE!,1096
231. (WR87),,,#VALUE!,#VALUE!,1097
"Jermaine Burton, CIN",,,231,Jermaine Burton,1098
$0 ,,,#VALUE!,#VALUE!,1099
$12 ,,,#VALUE!,#VALUE!,1100
"Browns, Packers",,,#VALUE!,Browns,1101
72. (WR37),,,#VALUE!,#VALUE!,1102
"Terry McLaurin, WAS",,,72,Terry McLaurin,1103
$6 ,,,#VALUE!,#VALUE!,1104
14,,,#VALUE!,#VALUE!,1105
152. (WR68),,,#VALUE!,#VALUE!,1106
"Romeo Doubs, GB",,,152,Romeo Doubs,1107
$1 ,,,#VALUE!,#VALUE!,1108
10,,,#VALUE!,#VALUE!,1109
232. (WR88),,,#VALUE!,#VALUE!,1110
"Quentin Johnston, LAC",,,232,Quentin Johnston,1111
$0 ,,,#VALUE!,#VALUE!,1112
5,,,#VALUE!,#VALUE!,1113
"Raiders, Seahawks",,,#VALUE!,Raiders,1114
73. (TE6),,,#VALUE!,#VALUE!,1115
"Kyle Pitts, ATL",,,73,Kyle Pitts,1116
$6 ,,,#VALUE!,#VALUE!,1117
12,,,#VALUE!,#VALUE!,1118
153. (RB51),,,#VALUE!,#VALUE!,1119
"Miles Sanders, CAR",,,153,Miles Sanders,1120
$1 ,,,#VALUE!,#VALUE!,1121
11,,,#VALUE!,#VALUE!,1122
233. (WR89),,,#VALUE!,#VALUE!,1123
"Luke McCaffrey, WAS",,,233,Luke McCaffrey,1124
$0 ,,,#VALUE!,#VALUE!,1125
14,,,#VALUE!,#VALUE!,1126
"Cardinals, Panthers",,,#VALUE!,Cardinals,1127
74. (TE7),,,#VALUE!,#VALUE!,1128
"David Njoku, CLE",,,74,David Njoku,1129
$5 ,,,#VALUE!,#VALUE!,1130
10,,,#VALUE!,#VALUE!,1131
154. (RB52),,,#VALUE!,#VALUE!,1132
"Khalil Herbert, CHI",,,154,Khalil Herbert,1133
$1 ,,,#VALUE!,#VALUE!,1134
7,,,#VALUE!,#VALUE!,1135
234. (WR90),,,#VALUE!,#VALUE!,1136
"Malachi Corley, NYJ",,,234,Malachi Corley,1137
$0 ,,,#VALUE!,#VALUE!,1138
12,,,#VALUE!,#VALUE!,1139
"Giants, Buccaneers",,,#VALUE!,Giants,1140
75. (TE8),,,#VALUE!,#VALUE!,1141
"Evan Engram, JAC",,,75,Evan Engram,1142
$5 ,,,#VALUE!,#VALUE!,1143
$12 ,,,#VALUE!,#VALUE!,1144
155. (RB53),,,#VALUE!,#VALUE!,1145
"Ray Davis, BUF",,,155,Ray Davis,1146
$1 ,,,#VALUE!,#VALUE!,1147
$12 ,,,#VALUE!,#VALUE!,1148
235. (DST13),,,#VALUE!,#VALUE!,1149
"Bears D/ST, CHI",,,235,Bears D/ST,1150
$0 ,,,#VALUE!,#VALUE!,1151
$7 ,,,#VALUE!,#VALUE!,1152
"Falcons, Bills",,,#VALUE!,Falcons,1153
76. (RB23),,,#VALUE!,#VALUE!,1154
"Aaron Jones, MIN",,,76,Aaron Jones,1155
$5 ,,,#VALUE!,#VALUE!,1156
6,,,#VALUE!,#VALUE!,1157
156. (RB54),,,#VALUE!,#VALUE!,1158
"Jaylen Wright, MIA",,,156,Jaylen Wright,1159
$1 ,,,#VALUE!,#VALUE!,1160
6,,,#VALUE!,#VALUE!,1161
236. (DST14),,,#VALUE!,#VALUE!,1162
"Falcons D/ST, ATL",,,236,Falcons D/ST,1163
$0 ,,,#VALUE!,#VALUE!,1164
12,,,#VALUE!,#VALUE!,1165
"Bengals, Jaguars",,,#VALUE!,Bengals,1166
77. (RB24),,,#VALUE!,#VALUE!,1167
"Zamir White, LV",,,77,Zamir White,1168
$5 ,,,#VALUE!,#VALUE!,1169
10,,,#VALUE!,#VALUE!,1170
157. (RB55),,,#VALUE!,#VALUE!,1171
"Alexander Mattison, LV",,,157,Alexander Mattison,1172
$1 ,,,#VALUE!,#VALUE!,1173
10,,,#VALUE!,#VALUE!,1174
237. (K13),,,#VALUE!,#VALUE!,1175
"Dustin Hopkins, CLE",,,237,Dustin Hopkins,1176
$0 ,,,#VALUE!,#VALUE!,1177
10,,,#VALUE!,#VALUE!,1178
"Saints, Jets",,,#VALUE!,Saints,1179
78. (RB25),,,#VALUE!,#VALUE!,1180
"Brian Robinson Jr., WAS",,,78,Brian Robinson Jr.,1181
$4 ,,,#VALUE!,#VALUE!,1182
14,,,#VALUE!,#VALUE!,1183
158. (RB56),,,#VALUE!,#VALUE!,1184
"Elijah Mitchell, SF",,,158,Elijah Mitchell,1185
$1 ,,,#VALUE!,#VALUE!,1186
9,,,#VALUE!,#VALUE!,1187
238. (K14),,,#VALUE!,#VALUE!,1188
"Matt Gay, IND",,,238,Matt Gay,1189
$0 ,,,#VALUE!,#VALUE!,1190
14,,,#VALUE!,#VALUE!,1191
"Ravens, Broncos",,,#VALUE!,Ravens,1192
79. (RB26),,,#VALUE!,#VALUE!,1193
"Tony Pollard, TEN",,,79,Tony Pollard,1194
$4 ,,,#VALUE!,#VALUE!,1195
$5 ,,,#VALUE!,#VALUE!,1196
159. (RB57),,,#VALUE!,#VALUE!,1197
"Clyde Edwards-Helaire, KC",,,159,Clyde Edwards-Helaire,1198
$1 ,,,#VALUE!,#VALUE!,1199
$6 ,,,#VALUE!,#VALUE!,1200
239. (RB68),,,#VALUE!,#VALUE!,1201
"Dameon Pierce, HOU",,,239,Dameon Pierce,1202
$0 ,,,#VALUE!,#VALUE!,1203
14,,,#VALUE!,#VALUE!,1204
"Texans, Colts",,,#VALUE!,Texans,1205
80. (RB27),,,#VALUE!,#VALUE!,1206
"Javonte Williams, DEN",,,80,Javonte Williams,1207
$4 ,,,#VALUE!,#VALUE!,1208
14,,,#VALUE!,#VALUE!,1209
160. (WR69),,,#VALUE!,#VALUE!,1210
"Dontayvion Wicks, GB",,,160,Dontayvion Wicks,1211
$1 ,,,#VALUE!,#VALUE!,1212
10,,,#VALUE!,#VALUE!,1213
240. (RB69),,,#VALUE!,#VALUE!,1214
"Ty Johnson, BUF",,,240,Ty Johnson,1215
$0 ,,,#VALUE!,#VALUE!,1216
12,,,#VALUE!,#VALUE!,1217
"Patriots, Commanders",,,#VALUE!,Patriots,1218
1. (RB1),,,#VALUE!,#VALUE!,1219
"Christian McCaffrey, SF",,,1,Christian McCaffrey,1220
$57 ,,,#VALUE!,#VALUE!,1221
9,,,#VALUE!,#VALUE!,1222
Salary Cap Value,,,#VALUE!,#VALUE!,1223
Bye week,,,#VALUE!,#VALUE!,1224
10 teams/$200,,,#VALUE!,#VALUE!,1225
Last Update:,,,#VALUE!,#VALUE!,1226
"Wednesday, August 21, 2024",,,#VALUE!,Wednesday,1227
Position,,,#VALUE!,#VALUE!,1228
"Rankings are based on a 10-team league with 1 QB, 2 RB, 2 WR, 1 TE, 1 Flex, 1 K, 1 D/ST, 7 bench",,,#VALUE!,Rankings are based on a 10-team league with 1 QB,1229
"Decimal Scoring: 1 pt per 10 yds, 6 pts per TD rushing/receiving;1 pt per 25 yds and 4 pts per TD passing",,,#VALUE!,Decimal Scoring: 1 pt per 10 yds,1230
Overall Rank (Positional Rank),,,#VALUE!,#VALUE!,1231
14,,,#VALUE!,#VALUE!,1232
Teams on Bye,,,#VALUE!,#VALUE!,1233
Non-PPR Top 300 Cheat Sheet,,,#VALUE!,#VALUE!,1234
RANKINGS 1-80,,,#VALUE!,#VALUE!,1235
RANKINGS 81-160,,,#VALUE!,#VALUE!,1236
RANKINGS 161-240,,,#VALUE!,#VALUE!,1237
RANKINGS 241-300,,,#VALUE!,#VALUE!,1238
5,,,#VALUE!,#VALUE!,1239
Bye Weeks,,,#VALUE!,#VALUE!,1240
Week,,,#VALUE!,#VALUE!,1241
2024 ESPN Fantasy Football Draft Kit,,,#VALUE!,#VALUE!,1242
6,,,#VALUE!,#VALUE!,1243
11,,,#VALUE!,#VALUE!,1244
10,,,#VALUE!,#VALUE!,1245
12,,,#VALUE!,#VALUE!,1246